SENTIMENT,TWEET
-1,Signal indihome gembel bgt ya. Udh byr mahal kualitas pret @IndiHomeCare coba daerah sirkuit sentul diperbaiki down mulu hobinya
-1,Ini @IndiHomeCare @IndiHome lagi ada masalah kah? Internet saya tiba2 down dan susah untuk mengakses internet. Mau coba untuk menghubungi tapi susah sekali
-1,Ini wifi @IndiHomeCare di rumah sama dikantor kok gabisa semua lagi error Tah? #indihomedown
-1,Ini indihome daerah jaksel lagi down kah? @IndiHomeCare
-1,@FulvusI @IndiHome @IndiHomeCare min ini daerah jaktim sama bekasi down loh internetnya buruan diatasin dong
-1,@IndiHome min maaf untuk indohome daerah jaktim sama bekasi lagi down yaa min?
-1,Ini Indihome lgi down kh
-1,tapi kan kasian yak si idol ga ngapa ngapain tapi ikutan jelek grgr fansnya bau
-1,@emyoooga @vvotanet Dr dulu emang masalahnya baju yg fitnya jelek rata2. Mungkin mrk mikir biar bisa dipake gantian semua member.
-1,@IDGoonerscom Odegaard tahun ini pasti jelek karena cedera Semoga saka step up
-1,@nutjoonie Jelek ih malah ikutan kayak x
-1,ini kalo efeknya jelek aku ga top up 
-1,pgnny ceria sik tp ni kehidupan jelek amat
-1,laporan review perusahaan tapi isinya idol perusahaan lain tuh buat apa anyiiiing mana isinya jelek jelekin doang?
-1,@Telkomsel ini paling mahal tapi jaringan Paling Jelek Masa di Kedoya Elok sinyal E Udha gitu sering ilang2 kalo dibawa di KRL Najes
-1,@plcxutd @okemen__ @manutd_world Rombak total sih dari yg disebut diatas wajib OUT apalagi Bruno captain jelek tiap lagi ketinggalan lawan Liverpool atau City pasti tantrum kek bocah wkwkwk
-1,guru agama apasih ini jelek bgt doanya
-1,Mahal jelek pula anjay
-1,Dah 3 hari ga beli beli paket soalnya ni nomor busuk bgt jelek semua paketannya
-1,Huhuhu sakit ya hybe emang babi. Sejak masuk hybe juga svt banyak dapet rumor jelek staff mesum ga didengerin! Makasih buat fandom2 lain yg ngertiin posisi svt yg kanan kiri salah padahal udah kek sapi perah. Yg nyeret svt di masalah hybe gw catet lo
-1,@triindonesia internet jelek banget sudah di restart dan gunakan Airplane 
-1,@idextratime @JLSanchez78 Sepakat. Vini jelek.
-1,gw ga sukanya nonton survival show tuh. yg bagus kalau ada ngelakuin kesalahan dikit dikomen tajem. tp yg emang jelek di maklumin malah dibilang cute kadang 
-1,sekalipun udah bisa booking tp pas payment begini pls lah sistemnya jelek bgt benerin @KAI
-1,WHAT THE FUCK?! Ini beneran ya kalo beneran JAHAT BANGET KUNING TAI JELEK
-1,@SeputarMadrid @MadridXtra Gila.... jelek banget tuh acara cuma karena Madrid gak datang. Boikot @ballondor!!!
-1,diusir gimana nih nder? clueless bgt apa janganÜ? sender yg ga ngikutin rules di desa tsb? makannya diusir saran aja banaran ga cocok buat mahasiswa yg suka anehÜ? yaaa nder jgn ampe karena habbit jelek mu yg kamu bawa malah jdi jelekÜ? in suatu daerah xixixi
-1,Jelek akhlak jelek pula mukanya
1,@V3g3L Sabar Bu. Saya dulu lulusan ITS kerja dan kena PHK saat pandemi. Alhamdulillah walau sulit cari kerja lagi. Tapi Allah buka jalan. Usaha jualan makanan. Gak jelek kok hanya kurangi gengsi. Untuk gaji ya lebih baik drpd jadi karyawan. Coba dah wirau
-1,INI LABEL KUNING TAI JELEK BISA GAK SIH DI BUBARIN SAJA?
-1,Gua yakin pasti semua artist diomongin jelek sm ni company butut orgil lu sampe 
-1,Pemain mahal beban attitude jelek 
-1,@coppamagz Bjir bahkan artis di bawah label mereka jg kena label apaan sih ini jelek bgt
-1,@fcbfemeni_idn PR dia emang jelek sih apalagi Caro bukan pemain yg aktif di sosmed
-1,SM itu udah paling bobrok. Tahunya ada yang ngalahin bobroknya. ADUH. STOP BELA AGENSI JELEK
1,baca buku lu nder
-1,@pearlsjungwon WOY KENAPA DUDUNG JELEK. jangan shamming anak gw.
-1,@manutd_world Buang-buangin tuh pemain senior taik macem Rasford Shaw Dalot Lindelof Bruno. Sama pemain era ETH yg wajib dibuang tuh Casemiro&amp; Antony. Mereka-mereka tuh pemain sampah! Gaji gede tapi perform jelek angin-anginan ngambekan. Zaman Mou &am
-1,@imyours_all I like said lu udh tua jelek 
-1,@buyungaqua @SeputarMadrid @MadridXtra Lah kalau dia emg maennya jelek terus suka protes ya jelekin dia as vini aja. Ngapain bawa ras sama warna kulit and normalisasi racism?
-1,absen list yang mau ngancurin itu gedung jelek kuning jelek najong kentut beserta orang orang busuk didalamnya
-1,@shaharaly jelek si platingannyah ?Åè
1,@Versi_Jelek @officialJKT48 Ini kayaknya terjadi di semua alun alun deh
-1,Ih jelek betul
-1,@belanjaholics Kalau pelakor/selingkuhan pasti mukanya jelek
-1,eh udh jelek bgt views anu nya
-1,\TAKDIR HP GUE JELEK MULU BANGSATTTTTT
-1,Jelek bgt sel
-1,jelek banget ajg
-1,jelek banget anjir wkwkwkwkwkwkwk
-1,ni sinyal telkomsel jelek banget dah
-1,@luculucuaaan udah jelek nyusahin lagi
1,i'd like to apologize in advance kalo sewaktu-1waktu gua misuh tapi bahasanya jelek banget disini
-1,@kemkomingfo @unesa_fess Najis jelek bgt kok pede sih foto kyk gitu? jijik bgt liatnya
-1,muka gw jelek banget anjir 
-1,cherry bomb ajg jelek bgt 
-1,@anonanomali kenapa ya rata rata muka tukang bully tuh kaya pantat? alias jelek bgt
-1,jadi ga mood buka weverse jelek bgt sialan... weverse yg tadinya txt universe warna ijo fandom colornya txt. Terus malah diganti jadi item??!?! Suram jelek. Mana cheers button yg gue suka bgt itu diganti jadi love jelek bgt. Pokoknya jelek.
-1,@tanyakanrl kaca jelek bgt anjir mblidut mblidut begitu ah
-1,@akuselektif HAH di aku kok jelek.... @triindonesia pmksd km bgusnya di beberapa daerah sj. dh lelah ak sm jaringan anomalimu
1,FAKK NIATNYA BACA BUAT BESOK TAPI INI SERU BANGET SAMPE GAK SADAR UDH JAM SEGINI KENAPA GUE GAK BACA DARI DULU SIHHHH BAGUS BGT KAK KAL KALO BIKIN AU GAK PERNAH JELEK BAGUS TERUS DEH HERAN
-1,@kaktuspessoa eh bahasalu hari ini jelek jelek ye
-1,@marrtirnez oktober jelek banget yaAllah
-1,@belanjaholics jelek banget modusnya
-1,@ssingssayaflu Setujuuu. Statement gitu tuh kesannya kalau ceweknya jelek gapapa diselingkuhin
-1,Jelek bgt suara teriakan gue
-1,BAHKAN dia juga nggak denger cerita itu dari eun onya langsung!!! buset jelek bgt karakternya eun o maap ajah
-1,@ccordonblue Jelek apa bagus overall?
-1,kasian vernon mah mau jelek aja susah. gabisa gitu. ckck. https://t.co/qgSIDGsgwm
-1,jelek iya stupid iya man pick a struggle
-1,@tenbaez @nani7294 Ya tp suatu saat kebenaran bakal ttp terungkap walopun tertunda dan ujung2nya pasti hiatus lama jg.. Jd lebih baik udh keungkap di 20
-1,LOL at this rate mau disembunyiin kayak apa juga reputasi hybe tu udah JELEK HAHAHAHAHAHHAHAHAHAHA Mending jujur dan minta maaf dan perbaiki diri trus BUBAR WKWKWKWKWK
-1,gue langsung jawab satu tapi salah katanya yang bener 9 kenapa gue jawab satu soalnya kata guru matematika gue dulu yang diitung yang ada didalam kurung dulu terus lanjut ke perkalian nah baru dibagi. pantes nilai matematika gue jelek terus ternyata dikasih cara yang salah 
-1,@itsnagon_ KL JAEHYUN JELEK CWOK LAIN AP ANJ
-1,ASLIII KENAPA SEKARANG JELEK BANGET elah
-1,tumben banget wifi me jelek bgt?
-1,Jelek bgt editan nya 
-1,Gabisa yura kata dia aku jelek apalagi kalau bengong nambah jelek.. jadi dia milih yang lebih ganteng yura https://t.co/UMSTtUL8BC
-1,senang gingsul jelek ku udh ga ada yeay https://t.co/2CW2T3TXsR
-1,@Iamclynophile_ Begitulah sifat jelek manusia
1,WANGIIIII PLISSS kalo ganteng but nasty smell bisa jelek di mata gue tp kalo visual low but he's smells like heaven 
-1,hidup SENDIRI dgn keseharian yg flat itu malah bikinka jd gampang overthinking selalu meratap selalu berpikiran jelek sllu merasa takut ditinggalkan. takut sklika sm diriku sendiri sekarang.
-1,males banget sama ini manhwa bikin nangis jelek mulu
-1,@MoreFine007 lagi nggak mood buka dm isinya jelek
-1,Buat yang udah/sering ngetik jahat itu bikin kalian kepikiran dan jadi gak bisa tidur gak? Ngerasa bersalah gitu atau takut ketikannya berbalik ke diri sendiri. Penasaran aja aku mah kok bisa enteng banget ngetik jelek begitu
-1,Bruh.. Aku takut bngt. Aku takut ga ngerasain hikmatnya pernikahan gemuruh haru pernikahan aku saat ini masih mikir nikah utk lari dr kenyataan jd aku gamau itu terjadi skrg.. Niatnya jelek banget. Dosa. Harusnya niat nikah itu ibadah. Semoga aku bisa rasain itu nanti.
-1,@ezrafer Bener sih zra wkwkw setan kok di bully Ga sedih amat tapi ga senang amat. Udah siklus nya ini MU Dia ada ngasi trophy tapi tetap ga bisa tolerir jelek nya MU musim ini
-1,@koacipermen jelek bgt cara pikirnya
-1,@love_atta Iya kak aslinya jelek hehe
-1,@Jenolede kalo elu jelek kagak ada yang mau
1,Kata gua Pledis mending lu out deh dari hybe kalian gak sumpek kah? Se jelek-1jeleknya Pledis masih jelek hybe
-1,Ih kimak paling kesal samaa orng yang suke bully jujur di real life kalau orang yg suke bully tu mukennye jelek benar macam kontol sapi kau anjenk. #fucktukangbully
-1,muka jelek gini di tuduh faker 
-1,nder image gue jelek bgt di kalian nder @ipcykk @huhaajalah
-1,jelek hati lu dzolim bgt.. rubuhin ajalah sikuning ini
-1,Media play hybe kenceng bgt smpe2 nama nj jelek dimata sebagian orang. Banyak berita negatif dan komen hinaan tentang nj tapi akhirnya semua terbongkar klo the biggest victim itu NewJeans. Awalnya byk yg mencemooh klo nj itu gk bersyukur dan serakah.
-1,ih gamau update wv.. jelek banget..
-1,@asyrafbae @SeputarMadrid @EFEdeportes benar benar nepotisme organisasi yang jelek @ballondor 
-1,@everyonennu JELEK LAGU LU KAK 
1,@IndiHome Internet Indihome di rumah saya mati. Tolong dibantu ya. 
-1,@IndiHomeCare Hadeehh gimanasih indihome daerah malang kepanjen mati nih dari semalem. No internet mulu bayar gapernah telat wifi error mulu
-1,@PmtKominfo min ini indihome kenapa internet nya ga connect sih udh dibayar jg
-1,indihome gangguan apa gimana dah? gabisa akses internet.
1,@IndiHome maaf area kuala enok tanah Merah riau apakah internet wifi IndiHome mengalami gangguan??
-1,@IndiHomeCare Selamat malam.. sudah kami 2 kali telp ke call center tentang keluhan router wifi Indihome yg rusak karena jatuh dan STB yg tidak konek tapi belum ada teknisi untuk mengeceknya. Mohon di tindak lanjuti karena sudah lama kami percaya dan mema
-1,Indihome tidak ada internet hoiii @IndiHomeCare
-1,Indihome knpa sih? Dari pagi sampe maghrib ga bisa akses internet samsek
-1,@IndiHome ini kenapa internet tidak bisa ya indihome ? https://t.co/B5LbGTR3Hr
1,@IndiHomeCare @IndiHome nomor internet liatnya di bagian apa.
-1,@IndiHomeCare @IndiHome woi yg bener lah. byr internet lu kudu pake nmr indihome trs nmr indihome ada'a di aplikasi lu trs aplikasi lu gbs dibuka karna disuruh pindah ke mytelkom di mytelkom gbs login karna nomer indihomenya ga gua tau sdngkan no nya ada 
-1,@IndiHomeCare @IndiHome woi yg bener lah. byr internet lu kudu pake nmr indihome trs nmr indihome ada'a di aplikasi lu trs aplikasi lu gbs dibuka karna disuruh pindah ke mytelkom di mytelkom gbs login karna nomer indihomenya ga gua tau sdngkan no nya ada 
-1,@IndiHomeCare sore saya pengguna indihome Untuk no internet an ary purbaningsih 
1,mau menurunkan kecepatan internet indihome
-1,@IndiHome tolong dong ini saya mau bayar tagihan gk bisa terus dri tgl 20 kmrn keterangan nya gak ada tagihan pdhl blm bayar dan skrng dapet chat klo internet saya diblokir
1,@IndiHomeCare Cara menghubungkan akun indihome dengan telkomselnya gimana ya? Saya dapat info internet saya diblokir padahal sudah bayar minggu lalu bisa dibantu pengecekannya?
-1,@IndiHomeCare tai banget dr jam stngh 
-1,@IndiHomeCare Sudah tapi masih gangguan min
-1,@IndiHomeCare mohon cek dm. Internet mati ada tanda los di modem. Trims
-1,@IndiHomeCare @yelecyn Kabel terpasang lampu merah los kedip tolong segera baiki
-1,@IndiHomeCare @yelecyn Sudah kabel aman Lampu nyala merah los dari jam 
-1,Gangguan mulu lu @IndiHomeCare
-1,@IndiHomeCare @yelecyn Min tolong dong indehome saya los ini daerah Samarinda
1,@makatita64 @IndiHomeCare @makatita64 Baik Sahabat @makatita64 mohon maaf atas ketidaknyamanannya. Terimakasih atas update informasi yg diberikan. Sebagai informasi apabila membutuhkan informasi lebih lanjut Sahabat dapat menghubungi contact point Bank Ma
-1,@IndiHomeCare lama banget pelayanannya disemua channel
1,Semoga mimpi indaah ya minnnnnn @IndiHomeCare
1,@IndiHomeCare Sudah di DM
-1,@IndiHomeCare Gak guna juga . Ga ada hasil . KECEWA BANGET WOY!
1,@IndiHomeCare halo min mau tanya kenapa tagihan saya bulan ini naik ya? Berbeda dari biasanya.
1,@IndiHomeCare anjay atmin beeru ada atmin goku ga
1,@IndiHomeCare @TelkomIndonesia Lho. Udah kok. 5 menit yang lalu.
-1,@IndiHomeCare tidak bisa terkoneksi internet lampu merah pada modem berkedip!
1,@IndiHomeCare balas aku dong
1,@IndiHomeCare bilangin admin mikey rep twtku dong
-1,@IndiHomeCare kontol Buat muter lagu 3 menit di youtube aja gk bisa https://t.co/cedu5M22Ad
-1,@IndiHomeCare Sudah kak tapi masih merah
-1,@IndiHomeCare @IndiHome kenapa jaringan indihome saya jelek ya
-1,Down lagi min @IndiHomeCare https://t.co/32Woh6NrGb
-1,Tagihan bulan kemarin. 320rb skrng kok 340rb knp ya @IndiHomeCare https://t.co/zmTcdJiDTy
-1,@IndiHomeCare anying langsung respond giliran laporan gue lama lo
-1,@IndiHomeCare Saya udh DM paling nanti dibales maaf atas ketidaknyamanannya saya bantu follow up abis itu udah g ad kabar.
-1,@IndiHomeCare Udah bayar gabisa dipake
-1,@hematnapa @IndiHomeCare Tadi saya sudah telfon CS nya katanya bisa jadi fisik yg rusak nanti ada teknisi kesana bisa jadi modem bisa jadi kabel
-1,@IndiHomeCare permasalahan gw aja belum kelar yaelah pindah provider aja dah lama lama ginii
1,@IndiHomeCare min saya mau tanya kan saya mau pindah kontrakan ke sebelah itu wifi nya bisa di pindahkan atau tidak ya? persyaratan nya apa?
-1,@IndiHomeCare @jcofyy Punya saya juga min Los kedip merah mulu plis segera diperbaiki issue nya ga cuma 
-1,@IndiHomeCare pegawainya ga respon wifi mati tinggal tidur...telat bayar kena denda.....@IndiHomeCare
-1,@IndiHomeCare Cek DM ku min tempatku udah 30 jam lebih lost sinyal
-1,@IndiHomeCare @IndiHome apakah ada gangguan modem saya Los merah kedip kedip terus gabisa konek
-1,@ellasmej @IndiHomeCare @lemonetrin @IndiHome @TelkomJabar Mjb kak. Maaf masih gangguan kah? Soalnya saya masih gangguan 
-1,@IndiHomeCare wifi mati ...dm ga direspon
-1,@IndiHomeCare kalo normal ga mungkin gue komplen kilua
-1,@IndiHomeCare belum ada respon check DM now!
-1,@shirouuz @IndiHomeCare Dah udaaah pindah ke swasta aja
-1,.@IndiHomeCare ini lagi ada gangguan atau gimana ?? https://t.co/RftaBb
1,@IndiHomeCare cek dm trims
-1,@IndiHomeCare Gangguan apa gimane nih? Baru juga bayar kemaren
-1,@IndiHomeCare Dm gue kaga lu jawab
1,@IndiHomeCare kak cek dm please
-1,@IndiHomeCare ini kenapa wifi dirmh suka ilang2 sinyalnya
-1,@IndiHomeCare CS nya pelayanan blm slsai udh main matiin aja. Jaringannya bakalan trouble berapa lama nih? Apa bentuk kompensasi Indihome? Jangan asal telat bayar aja didenda. Giliran kek gini malah menghindar.
1,Bales min @IndiHomeCare ditunggu
1,@IndiHomeCare sudah terpasang dgn benar sudah saya dm
-1,@IndiHomeCare halo min mohon cek dm. Indihome saya no internet
-1,@lemonetrin @IndiHome @TelkomJabar @IndiHomeCare oalaa berarti emang serentak yaa aku kira cuman aku aja yang gaada internet
-1,@IndiHomeCare @luv_FREEFOLLOW Viralin ajaa kali ya begini banget pelayanannya
-1,@IndiHomeCare @luv_FREEFOLLOW SAYAA UDAH NUNGGUIN TAPI MANAA BLM DI BALES JUGAAA
1,@IndiHomeCare cek dm ya
1,@ellasmej @IndiHome @TelkomJabar @IndiHomeCare iya di bandung nih
1,@lemonetrin @IndiHome @TelkomJabar @IndiHomeCare daerah mana kak aku bandung sama tiba gaada internet
-1,min jgn error dulu pliss lgi nonton ka flora @IndiHomeCare https://t.co/yrI7
-1,@Telkomsel @IndiHomeCare jaringan lu butut
-1,@IndiHomeCare indihome ada gangguan apa Area bumijawa? Kasih infonya dong https://t.co/V5NYlgsu4G
-1,@azvyae @IndiHomeCare @Telkomsel Sama nih bg di gw jaringan hp SMA wifi juga hilang
1,@IndiHomeCare halo cek dm ya
-1,hallo @IndiHomeCare saya sudah bayar tapi internetnya tetep mati dan ada tanda merah dirouternya mohon bantuannya https://t.co/3Cy
-1,@IndiHomeCare @luv_FREEFOLLOW Mana min katanyaa mau di baless saya nungguin loh
-1,@IndiHomeCare saya mau bayar tagihan gk bisa. Udah lewat sehari nanti saya juga yang kena denda. Ngehe lau
-1,@desiidrs @IndiHomeCare kak mjb saranku mending lgsg ke grapari aja karna kalo ke admin gjls ini bakal diputer2in terus dan sejak gabung telkomsel ni indihome emg makin kacau
-1,@IndiHomeCare cabut aja lah ini wifi nya ribet nyusahin aja lu
-1,@IndiHomeCare ada gangguan jaringan min baru perbaikan tapi udh dari siang
1,@IndiHomeCare Saya sudah bisa login pakai no. Hp sama email tapi di dalam profilenya kosong ga bisa diklik tuh ya eh diarahkan di my telkomsel tapi harus login pakai no. Telkomsel ga bisa email. Terus ngecek profile indihome gw kekmanaaaaa
1,@IndiHomeCare @Atakeceh_ alah
-1,Dahlah aku mau fix putus @IndiHomeCare aja. Ruwet kau ini makin makin
-1,@IndiHomeCare @Atakeceh_ @luv_FREEFOLLOW ini gw juga di blok wa gw kocak bener lu indihome
-1,@IndiHomeCare ini remote tv nya gabisa dipake udh diganti baterai ttp aja gabisaa gimana yaa kakk
-1,@IndiHomeCare min lagi gangguan kah
-1,@IndiHomeCare @yayaaaaankkk Aplikasi lu yg bobrok noh bikin customer gabisa bayar tepat waktu udah lewat tggl kena denda
1,@IndiHomeCare cek DM min indihome saya mau bayar tapi tidak bisa
-1,@IndiHomeCare @odgjcantik Gimn mau bayar tagihan min kno disatuin ke app mytelkomsel? Ini dri kemarin gak bisa bisa mana udah kena denda 
-1,@IndiHomeCare @hyanggineun_ Alaahhh minta maaf tpi ttp kenak denda pdhl aplikasi situ yg eror gajls
-1,@IndiHomeCare Ditunggu min. Kalo beneran gue disuruh bayar lagi artinya yg gue bayar di aplikasi tsel ilang ghoib sedangkan gue ada bukti transaksi mbanking proses aja y cabut indihome gue. Lagian mana ada bayar tagihan lu pake aplikasi lu dikenain admin 
-1,@IndiHomeCare nih gimana nih orang ada keluhan wifi udah di dm udah di telpon malah di blokir pepek padahal udah bayar loh kocak bener
-1,@IndiHomeCare alah monyet
-1,@luv_FREEFOLLOW @IndiHomeCare Cek dm min saya udah wa tapi di block gimana sih
-1,@IndiHomeCare Tolong baca dm saya min kalo begini caranyaa mendinga gausah langganan lagi sama indihome
-1,@P_Braker @IndiHomeCare diem lo kontol
-1,@IndiHomeCare Lamaaa balasnya. Solusinyangimana ini lemot amat 2hari ini
1,@IndiHomeCare @IndiHome Sudah saya bls via DM. Silahkan cek di DM
-1,Login my indihome gimana sih @IndiHomeCare udah masuk tapi profile kosongan giliran diarahkan ke web telkomsel harus pake nomer telkomsel ya kagak punya ane
-1,@IndiHomeCare min ini indihome saya dari kemarin gabisa bayar pake mbanking bpd gabisa bni gabisa spay gopay gimana ya??? udah lewat tgl 2
-1,Min @IndiHomeCare @IndiHome tv saya beberapa channel lokal kenapa tidak bisa lagi ya? Bulan lalu kasus begini sekarang begini lg. Gmn min?
1,@IndiHomeCare min mau tanya cara ganti password wifi di aplikasi my telkomsel gmna ya? udh diotak atik gak nemu
-1,@IndiHomeCare Capek gw masalah ginian private g bakal ad kelar kecuali terkait submit data semua bakal lewat Twitter public capek dighosting Mulu lewat private.
-1,Gua udah bayar kenapa masi ada tagihan dah gembel @IndiHomeCare
1,@IndiHomeCare @bankmandiri Sy bayar lewat EDC
1,@IndiHomeCare min tolong cek DM dong
-1,@IndiHomeCare kak tolong dong nanti saya stop langganan kalau gini terus
-1,@IndiHomeCare ini gimana sih solusinya malah ngilang gaada kabar jelek
-1,@IndiHomeCare Tidak ada balasan smp skrg saya cek
-1,@IndiHomeCare Berarti mslh follow up itu bullshit dan laporan blm ada kemajuan sama sekali.
-1,@IndiHomeCare Gimana mau login kebuka aja nggak bisa
-1,@IndiHomeCare untuk jadwal kedatangan teknisi disesuaikan ketersediaan petugas dan antrian perbaikannya dilapangan dengan kata lain ini masalah teknisi Dateng itu ga pasti dan KLO g ad teknisi di sekitar ini masalah g bakal selesai. Btw ini jawaban templa
-1,@IndiHomeCare Segera kami respon tapi 20 jam belum cek dm layanan bapuk
-1,@IndiHomeCare ini mana tindak lanjut laporan saya? Sampai sekarang ga ada yg hubungin dari bagian billing!
-1,@
1,@IndiHomeCare sama mau ngecek speed test di telkomsel kok ngga bisa yah?
-1,@IndiHomeCare kakk udah di dm dr kemaren tp gaada balesan kakk
-1,Ini kenapa aplikasi MyTelkomsel gak bisa kebuka? Udah bener-1bener aplikasi Indihome sendiri aja pake acara gabung @IndiHomeCare
-1,@IndiHomeCare gila minta datengin teknisi ke rumah aja susahnya minta ampun. kyk lo aja yg turun ke jalan anjir lah. bikinin laporan pengaduan gue cepetan ga. udah isi form lengkap dari jam 
-1,@IndiHomeCare min tolong donggggg ini wifinya mati beginii dahh
-1,@IndiHomeCare kak ini speed wifi saya di turunkan kahh? soalnya tagihan nya cuma 65rb. yg harusnya 
-1,@IndiHomeCare blm dibales kak dmnya sudah 
-1,@IndiHomeCare Belom malah makin jelek.
-1,@IndiHomeCare Kayaknya saking seringnya nanya udah di blok sama bot wa dan dmnya @IndiHomeCare XD
-1,Mantap @IndiHomeCare cuma komplain soal router rusak port LAN aj hampir 2 hari penuh belum ad penjadwalan teknisi giliran ditanya update laporan cuma jawaban template mohon ditunggu ya kami bantu follow up sekarang giliran ditanya update lagi udh ga ada jawaban samsek mantap.
-1,Min @IndiHomeCare kalo ada petugas dateng buat tambah daya itu buat tambah kecepatan kah? Masalahnya gaada yang manggil. Kok tiba-1tiba dateng. Bisa dijelaskan min?
-1,@txtcybr @IndiHomeCare HADUH SAMA LAGI !!! 
-1,@IndiHomeCare Dtunggu ya inii. Capek bgt lemot terus terusan
1,@IndiHomeCare boleh bantu baca dm saya. terima kasih
-1,@IndiHomeCare masih belum dibales ni dm ku
-1,@IndiHomeCare ada gangguan di cluster castarica balikpapan regency?
-1,@IndiHomeCare dari tadi pagi min hari ini lemot banget 
1,@IndiHomeCare Min tolong buka DM
1,@IndiHomeCare tolong baca dm dong urgent
1,@IndiHomeCare hallo indihome...boleh dibantu info saya tdk sengaja membayar tagihan indihome 2x. Bisa dibantu kah?
1,@IndiHomeCare Engga dongs tapi kamu mantanku.
1,@IndiHomeCare semua sudah dicoba tidak ada yg bisa sepertinya aplikasinya belum siap deh sebelumnya yg masih web malah lancar2 saja
-1,@IndiHomeCare Poin di MyTelkomsel saya tidak ada penambahan sama sekali dari migrasi poin MyIndiHome @erickthohir @MediaKonsumenID @KemenBUMN @YLKI_ID @BPKN_RI
-1,@IndiHomeCare Mohon dicek indihome dengan ID 
-1,Bayar tagihan @IndiHomeCare dari hari sabtu lewat aplikasi my @Telkomsel malah status pembayaran gagal. https://t.co/UNtFuHEaND
-1,@IndiHomeCare ka internet koneksinya mati... call center sibuk harus gimana dong.. ini yg rusak/ bermasalah dari pusat kah?
1,@IndiHomeCare cek dm min dari kemarin belum dibales
1,@IndiHomeCare kan katanya ada migrasi data dr myindihome ke mytelkomsel tp tiba2 akun dr email yg terdaftar hilang dan jadi blm memliki akun . untuk kendala wifinya saya dm min https://t.co/w5rlWNR
1,@IndiHomeCare okayy ditunggu ya kak thankss
1,@IndiHomeCare Haloo min bisa bantu untuk downgrade layanan indihome? Sdh minta lewat telp tp masih belum ada progress
-1,@IndiHomeCare @IndiHome bang mau nanya ini STB Indihome kenapa gamau nyala padahal ijo terus ijopun gamau mati...jadi ijo terus dipencet restart mulu.
-1,@IndiHomeCare cek dm lah masih gabisa aja ini mana udah kena denda
1,@inimacaa @IndiHomeCare KWWKKWKW
1,@IndiHomeCare Hallo @IndiHomeCare wifi indihome saya melakukan perubahan paket dari 30 mbps ke 
-1,@txtcybr @IndiHomeCare Besok otw deh cabut indihome
-1,@inimacaa @IndiHomeCare 50 mbps tp pas di speed test cuma 6 mbps 
-1,@IndiHomeCare iya tolong pls banget saya kerja wfh ngandelin wifi 
-1,@IndiHomeCare Siap kak kendalanya wifi nya itu kabel nya kerobohan pohon tumbang tadi kk
-1,@IndiHomeCare @IndiHome bagaimana tanggapan nya ?? Saya melakukan migrasi paket dari 2 bln lalu. Status terakhir hanya proses. Dari 3x24 jam proses kerja jadi 60 hari kerja. Lyuar biasa @IndiHomeCare
-1,@findessh @IndiHomeCare 
-1,@IndiHomeCare ini bisa kirim teknisi langsung aja ga ya? lama banget respon cs. sekalinya direspon ga membantu sama sekali.
-1,@inimacaa @IndiHomeCare kocak betul emang indihome nih sinyalna
-1,INI @IndiHome GIMANA DAH WIFI UDAH 3 HARI INTERNET ILANG KETERENGAN DI MODEM WARNA MERAH UDAH HARI SABTU BIKIN LAPORAN KATANYA MINGGU TEKNISI MAU KE RUMAH SAMPE SEKARANG GADA. MIGRASI APLIKASI KE MY TELKOMSEL BUKANNYA MAKIN BAGUS MALAH MAKIN ANCUR!! @IndiHomeCare https://t.co/xAam9z8pjI
-1,@IndiHomeCare yaudah bisa gak kerja yang efektif dan cepet itu dicek dari sentral dan dibetulin masalahnya?? mau sampe kapan wifi gabisa dipakai terus??
1,@IndiHomeCare Sudah di DM dari tadi tapi tidak ada balasan min
-1,@IndiHomeCare coba dong teknisinya di percepat. Udah dr jam 
-1,@IndiHomeCare bales dm dong min sombong bngt
1,@IndiHomeCare Min DM saya mau ngga direspon sampe kpn? Udh hampir 4 jam loh ini.
1,min saya mau bayar tagihan Indihome lewat m-1banking atau bri gimana caranya ya? @IndiHomeCare
1,@IndiHomeCare Cepet ya min urgent bgt ini
1,@IndiHomeCare @IndiHomeCare udah ku dm min
1,@IndiHomeCare @IndiHome belum ada dm nih @IndiHomeCare
-1,@txtcybr @IndiHomeCare WKWKWK KAKK MAU MINTA TEKNISI DATENG AJA DISURUH BAYAR TAGIHAN DULU. PUNYA GUE GABISA DIPAKE UDAH SEBULAN MASIH DISURUH BAYAR TAGIHAN. UDAH LAPOR TP TEKNISI GA DATENG2
-1,Gue dm lah indihomecare di ig pas tgl 28 ituu. Minta cek dan minta teknisi buat dateng. Di infoin katanya tgl 2 oktober. Oke lah ditungguin nih 2 oktober. Teknisi gak dateng2 gak ada teknisi yang ngehubungin ke nomer gue atau nomer kakak gue (atas nama kakak gue)
-1,@txtcybr @IndiHomeCare ini yg buat gw ga bayar pas berenti biarin dah petugasnya dtg sendiri ambil routernya
1,@IndiHomeCare Terus akun MyIndihomenya kenapa ga bisa di loginin ke My telkomsel min?
1,@ichaaaaa
-1,@IndiHomeCare Koo gitu dah ngmngnya kalau masih berkendala... Difix aja jg blm tolong datangkan teknisi sekarang hari ini
-1,@IndiHomeCare janjian vcall jam 
-1,@IndiHomeCare halo udah bayar tagihan kok internet belum hidup?
1,@IndiHomeCare Terus kegunaan MyIndihome ini apa kalo kita perlu download MyTelkomsel lagi
-1,what the fuck @IndiHomeCare berhenti langganan balikin router masih harus bayar yang bulan depannya. karena pasca bayar mas lah kan gua gamake lagi jir bulan depannya. keputusan terbaik buat ganti ISP bulan ini. Fuck with your crappy service. hope you doom in hell. 
-1,@IndiHomeCare lemot banget pelayanannya. heraaan
-1,@IndiHomeCare @inthenameofnana Busettt pura pura ga tau? Udah banyak lho saya lihat yg keluhannya kaya gini! https://t.co/dE0rikKit3
1,@IndiHomeCare Kenapa si harus di lempar ke my telkomsel kalo udah pake my indihome
-1,@IndiHomeCare Udah lebih dari 24 jam Kak Triogun. Kendalanya saat ini sudah Kami bantu pelaporan dengan nomor tiket 
-1,@IndiHome @IndiHomeCare saya ingin melaporkan indihom dengan nomer 
1,@IndiHomeCare @carmenwalsh204
1,@IndiHomeCare Lom balas-balas.. Respon donk
1,@IndiHomeCare Siang min silahkan cek DM untuk request saya terima kasih
1,@zezelovers
1,@IndiHomeCare kelanjutannya gimana nih min ?
-1,@IndiHomeCare min lama bgt ini wifiku gabisa dipake gegara nyala merahh
-1,@IndiHomeCare gimana min dari kemarin blm beres juga
1,@IndiHomeCare ada kenaikan ya. DM saya balas
-1,@IndiHomeCare data bocor adalah jalan ninja kita min :(
1,@IndiHomeCare Min bantu cek DM lagi ya. Terima kasih
-1,@IndiHomeCare Hello min kendala indihome saya min mohon di percepatan
-1,@IndiHomeCare Hello min kendala indihome saya mohon di percepatan ya
-1,@IndiHomeCare W nunggu dr malem gaada balesan tuh dm. Indihome ini... aneh
-1,@IndiHomeCare slow respon bgt ya min? sudah berjam jam loh ini
1,@IndiHomeCare @IndiHome Sudah admin sayang!!!
1,@IndiHomeCare cek DM pls
-1,@DeeThereum_ @luv_FREEFOLLOW @TelkomIndonesia @IndiHome @IndiHomeCare Udah lama make indihome sbenernya. Dulu tiap ada kendala lapor dm ig gercep ditanganin teknisi langsung dateng. Ini kok lama banget ditanganinnya
1,@IndiHomeCare Udah dm
-1,@rororoveyou @luv_FREEFOLLOW @TelkomIndonesia @IndiHome @IndiHomeCare Klo udh pake setahun cut off aja pake provider lain yang cover di area nya
-1,@IndiHomeCare Teknisi belum ada yg dateng atau ngehubungin. Udah lapor disuruh nunggu teknisi mulu
-1,@IndiHomeCare Halo selamat pagi mohon di bantu kendala Internet Indihome saya
-1,@rororoveyou @TelkomIndonesia @IndiHome @IndiHomeCare Ini udah dateng tapi ga di progress Btw ini bukan buat rumah tapi Mall Birokrasi nya kelamaan kalo ada cover yang lain pake yang lain aja
1,@luv_FREEFOLLOW @IndiHomeCare Siapp sekarang DM sya kak tolong di bantu ya
-1,@luv_FREEFOLLOW @DeeThereum_ @TelkomIndonesia @IndiHome @IndiHomeCare Udah chat ke dm indihomecare dijanjiin teknisi datang tgl 2 sampe sekarang gak dateng. Kalo nge chat wa ga ada tindakan jg sama aja boong https://t.co/pmb0lNk
-1,@DeeThereum_ @TelkomIndonesia @IndiHome @IndiHomeCare Sama aja kakk. Saya dijanjiin indihome nya dateng teknisi tgl 2 oktober sampe skrg ga dateng2. Ditungguin jg ga ada teknisi yg ngehubungin
1,@luv_FREEFOLLOW @IndiHomeCare Tolong laporkan akun ini kak @IndiHomeCare
-1,@IndiHomeCare min udah lapor buat perbaikan jaringan yg terputus di rumah kenapa ga ada teknisi yg dateng?? Katanya tgl 2 oktober ditungguin sampe hari ini juga gada yg dateng. Gimana inii??? Keburu bayar tagihan lagiiii https://t.co/nNdYd6Capq
1,@IndiHomeCare Cek DM min
1,@IndiHomeCare Saya memutuskan untuk upgrade layanan kecepatan internet dari 30mbps ke 
1,@IndiHomeCare Udah kak
1,@IndiHomeCare @carmenwalsh204
1,@IndiHomeCare org smping bgt ni routernya ya mungkin kli fup nya
1,@IndiHomeCare Gajadi min udh telpon cs tadi sampe pulsa saya habis
-1,@IndiHomeCare Lama bener responnya di dm
-1,@IndiHomeCare DM Dari kemaren aja ga di bales2 min
-1,@carmenwalsh204
1,@IndiHomeCare sm aja
-1,@TelkomIndonesia @IndiHome @IndiHomeCare Ini serius Teknisi PSB Begini ? Seminggu gada progress Tolong tindak lanjuti untuk area Cibubur dan saya minta nmr TL nya https://t.co/rR9NfC3wNz
1,@IndiHomeCare Tolong cek dm
1,@IndiHomeCare min cek dm dong
1,@IndiHomeCare Kalian mau menggabungkan aplikasi MyIndiHome ke MyTelkomsel dan menghanguskan poin MyIndiHome. Kenapa pelanggan tidak diberikan waktu untuk melakukan penukaran poin MyIndiHome?
1,@IndiHomeCare tolong dong
1,@IndiHomeCare kapan teknisinya mau datang?? tolong segera cek DM dna direspon
-1,@IndiHomeCare @IndiHome indihome bagus bgt ya pelayanannya sekarang agenny nelfon pagi2 orng lg kerja ga nanya ada waktu apa engga ? Diudahin baper chat WA ke nomor pribadi pelanggan super sekali pelayanannya dan SOPnya https://t.co/j
1,@IndiHomeCare Sudah sudah sya cabut lagi dan pasang lagi
1,@IndiHomeCare @IndiHome Min kalau di mytelkomsel tagihan indihome 0 rupiah berarti udh terbayar kan?
1,@IndiHomeCare sudah dm belum dibalas juga min
1,@IndiHomeCare kak masih blm di respon
1,@IndiHomeCare hi admin bisakah saya mengajukan berhenti langganan untuk sementara?
1,@IndiHomeCare balas dm akuu
1,@IndiHomeCare Udah sejam ga dibales2 mw km apa dhet 
1,@IndiHomeCare hadeh adminnnn
-1,@IndiHomeCare Buat apa metode pembayaran lain kalo sama aja? Dah bayar dibikin ribet koneksi lemot mo bayar DITAMBAH biaya admin. Tutup aja sekalian BUMN kok nyusahin
1,@IndiHomeCare Bls dm
-1,@IndiHomeCare udah 2 jam lho belum dibalas dm nya wifi saya gabisa daritadi
1,@ynnnppp @IndiHome @IndiHomeCare Mohon maaf kak untuk masalah yang kaka alami kami menyarankan untuk ganti provider internet saja. Terimakasih -Siceb
-1,@IndiHomeCare mana? tolong segera direspon
-1,@IndiHomeCare Udah saya dm lo ya daritadi
1,@IndiHomeCare Halo ka knapa blm di bales ya dm saya
-1,@IndiHomeCare min g bisa bayar indihome dr kemarin! Jd denda kan min. Ah minn sengaja ya..... ditambah gabung sama aplikasi my telkomsel g se-oke aplikasi my indihome yg dulu hmm...
-1,@IndiHomeCare mau dibayar gak? Jgn sengaja menjebak denda ye error terus dr kmrn
-1,@nuctxlla @aeslieee @IndiHomeCare @IndiHome Kak sama blm bisa bayar jg sampe skrg
1,@IndiHomeCare cek dm yaaa
-1,@IndiHomeCare min ini masalah tagihan sy yg di korupsi pihak telp Krn sy Tdk memakai panggilan keluar tiba2 hari ini tagihan sy yg tadi nya 322422 jadi 338543 sy gak berlangganan Indihome min hanya telp saja kenapa naik tagihan sy.korupsi kalian sungguh T
1,Min tolong cek dm @IndiHomeCare
1,@IndiHomeCare tolong baca dm kak. minta pasword login admin krn mau menambahkan hp yg blm bisa tersambung ke wifi.
-1,@IndiHomeCare Tolong DMnya segera dicheck sudah gangguan dari malam
-1,@aeslieee @IndiHomeCare @IndiHome Mjb kak sampe skrg juga gabisa kak aku uda cobaa :(
-1,@IndiHomeCare @IndiHome kak aku dari kemarin uda ngeluh di dm tapi belom di bales Ini gmn aku masi belom bisa bayar tagihannya loh kak Jatuh tempo inii jadinya duhh
-1,@IndiHomeCare Udah seminggu interaksi di dm nanya proses suruh tunggu terus Mas Joan. Berapa lama prosesnya?
-1,Gila seminggu wifi kendala ga ada solusi @IndiHomeCare
-1,gabisa mulu bbrp hari ini @IndiHome @IndiHomeCare cepetlahhhhh
1,@IndiHomeCare Tolong Check DM ya
-1,@IndiHomeCare Min udh kena denda nih ga bisa bayar indihome. Kao sistem belum siap jgn dlu dipaksa pake Indico dong yg rugi konsumen nih
-1,@IndiHomeCare masih blm dibales sampe sekarang min
1,@IndiHomeCare Min cdm pls
1,@IndiHomeCare ya Allah ya Allah ya Allah
1,@IndiHomeCare min cek DM
1,@IndiHomeCare udah ada kak
1,@IndiHomeCare min tolong cek dm
-1,@IndiHomeCare I did. Its no fun mau bayar aja kesel sendiri. Nunggu harlisnas aja mau ganti ke iconnet kayaknya. Been using indihome dari jaman telkomnet instant btw.
-1,@IndiHomeCare masih belom bisa
1,@IndiHomeCare cek dm ya
1,@IndiHomeCare Boleh dong kk di bantu restart dari pusat
1,@IndiHomeCare Admin tolong cek dm. Terima kasih
-1,@IndiHomeCare ya itu tiap bales DM minta capture terus &amp; abis itu ngilang lagi
-1,@IndiHomeCare tiap DM selalu disuruh capture dari tadi siang kyk gitu terus tapi nggak beres2 masalahnya ini nanti DM minta capture lagi kah ?
1,@IndiHomeCare saya masih nunggu min
-1,@IndiHomeCare Ya memang ada rejeki pas tanggal 20 kakak. Namun selalu gangguan.
1,@Aaabbbiiibbb @IndiHomeCare @bankbsi_id @Aaabbbiiibbb Hi Kak kami paham apa yg kamu rasakan. Kami akan terus meningkatkan pelayanan agar Kakak nyaman dan aman bertransaksi di DANA. Jika kamu memiliki keluhan terkait DANA kamu dpt menghubungi DIANA pd menu
-1,@IndiHomeCare Setiap pengen bayar pasti gangguan. Ujung-ujungnya di denda. Emang @IndiHomeCare ini tidak layak sudah di pakai. Kayaknya juga ada oknum yang manfaatkan duit denda konsumen. Kalau memang gangguan kenapa harus di denda.
1,@peachyyyglll @IndiHomeCare @peachyyyglll Hi Sahabat @peachyyyglll mohon maaf atas ketidaknyamanannya. Menindaklanjuti perihal kendala transaksi pembayaran Indihome yang dialami mohon berkenan menginformasikan melalui Direct Message/Inbox agar dapat kami 
1,@IndiHomeCare udah ya
-1,@IndiHomeCare adminnya ngeread doang ih kzl
-1,@IndiHomeCare paling besok pagi baru dibales
-1,@IndiHomeCare Min sya dh beli renew speed tapi tetep lemot kenapa yaa
-1,@valaphrodite @IndiHomeCare Mending bisnet
1,@IndiHomeCare Min belum di bales min
-1,@IndiHomeCare kak udah 
1,@IndiHomeCare @bankbsi_id terimakasih udah mempermudah pembayaran dari ku harap @danawallet memperbaiki sistem pembayrannya
-1,@IndiHomeCare min tolong cek dm ya internet saya lemot banget
1,Cek dm min @IndiHomeCare
-1,Min @IndiHomeCare saya mau bayar tagihan sdh dicoba via Tokped &amp; m.bca tapi error terus dgn keterangan no. Tagihan tidak ditemukan. Bisa bantu dicek?
1,@IndiHomeCare Sudaah kak
1,@IndiHomeCare cek dm min
-1,@IndiHomeCare saya gabisa bayar tagihannya nanti kena denda + dicut internetnya
1,@IndiHomeCare dm saya ga dibalas balas min
-1,@IndiHomeCare @promo_BRI @kontakBRI Udah gak bisa juga. Keterangannya transaksi gagal.
-1,@IndiHomeCare Wifi bermasalah niii miiin
-1,@IndiHomeCare tolong dibales ya kak:) masa 5 jam gak ada respon :)
-1,@IndiHomeCare mana kak udah 5 jam 
-1,@IndiHomeCare Tahun 2023 bayar Tagihan tgl 20 sebelum jam 23.59 masih aman-ama aja malah sering udah lewat tgl 2
-1,@IndiHomeCare tolong lah min jawab
1,@IndiHomeCare tahun 2020 ke bawah mau chat lewat App ataupun Sosmed pasti CS yg bales cepet dan orang asli ngga pake Bot. Sejak Pandemi Covid CSnya lama banget balesnya dan serba pake Bot.
-1,@IndiHomeCare woy ga bisa bayar tagihan gimana ini ?
1,@IndiHomeCare malah nomor indihomenya tidak ditemukan
1,@carmenwalsh204
-1,Kok @IndiHome @IndiHomeCare ribet banget ya mau bayar tagihan sekarang dijadiin satu di MyTelkomsel. Dah gitu mau bayar harus pake MyBills. Masukin nomer Indihome di MyBills malah sistem eror. Lu mau gua bayar ga si? https://t.co/C059bvNx2W
-1,@IndiHomeCare Udah di DM. Ga ada respon
-1,@carmenwalsh204
-1,@carmenwalsh204
1,@IndiHomeCare @kgnoren @IndiHome @TelkomJabar @IndihomeJTD @IndiHomeJBN Masalah saya juga sama min mohon cek dm
1,@IndiHomeCare @carmenwalsh204
-1,@mommyut_a @IndiHomeCare @IndiHome @indihomejaktim Indihoy emang gitu gabisa di baikin makanya banyak yang ngebiarin tagihannya ga dibayar sampe pihak indi sendiri yang datang buat cabut
1,@koalakidal @IndiHome @IndiHomeCare Alhamdulillah aku udah bisa Kak pake GoBills
-1,@IndiHomeCare @Bagas28Prayogi lama banget
-1,ini knp yaa udh berhasil saldo udh kepotong jg tp masih diproses wifiku jgn duputus pls udh bayar jirr @IndiHome @IndiHomeCare https://t.co/VsCbvB7VD8
-1,@IndiHome @IndiHomeCare @TelkomJabar toling respon keluhan saya via DM segera
-1,@IndiHomeCare halo min Kenapa ngga bisa bayar tagihan ya?
1,@boomshaakalaaka @IndiHome @IndiHomeCare Diaku bisaa barusann https://t.co/23bssY4Kf
-1,@koalakidal @IndiHome @IndiHomeCare Gak bisa Kak tulisannya maintenance
1,Guysss buat yg gabisa bayar indihome daritadi bisa pake finpay di link ini https://t.co/ERZP4yjHoV Trs tf pake m-banking yaa Aku daritadi coba bayar lgsg pake va mbanking ga bisa bisa tapi pake finpay langsung bisaa @IndiHome @IndiHomeCare
1,@IndiHomeCare min ini kalo mau upgrade ke 
-1,@IndiHomeCare kenapa ya ngelak2 jaringannya tlg segera diperbaiki
1,Tolong bales DM saya ya. Tks. @IndiHomeCare @IndiHome
-1,@IndiHomeCare mulai dari kisaran pukul 9 malem tadi kak sampai sekarang masih sama aja ga ada perubahan
1,@IndiHomeCare tolong cek dm please
1,@IndiHomeCare Dah min cpt bls
1,@IndiHomeCare Baca DM! Cepet
-1,@Telkomsel @IndiHomeCare @syifaaz0738
-1,@carmenwalsh204
-1,@IndiHomeCare @aftftrrra Masi gabisa kak
-1,@IndiHomeCare @lamguci_ @IndiHome Saya mau bayar drtd pake m-banking juga gabisa kak
1,@IndiHomeCare halo min DMnya tolong direspon
1,@IndiHomeCare @marsellamai DM DM tolong DM
-1,@IndiHomeCare mau byr tagihan Indi home pake cc susah bgt sik smnjak Jd 
-1,@IndiHomeCare bos ini mau dibayar ko gabisa ya?
-1,Indihome gamau dibayar apa gmn se ini @IndiHomeCare
1,@IndiHomeCare Kak cek dm ya ID saya nggak bisa dicek kenapa ya?
1,@IndiHomeCare @jaehyukwuff sekarang udh aman ko kaa
1,@IndiHomeCare @TelkomJabar Bales aja dulu min dm saya
-1,@IndiHomeCare udah nemu solusi sendiri min kelamaan nunggu balesan tq
1,Cek dm sayangku @IndiHomeCare
1,@IndiHomeCare @Bagas28Prayogi cek DM min
-1,@IndiHomeCare halo min ini mau bayar tagihan drtd knp gabisa terus ya?
1,@IndiHomeCare belum ada nih kak udh ditungguin
1,@IndiHomeCare cek dm ya min
-1,@IndiHomeCare meluncur apaan belum dibales bales juga kocak
1,@IndiHomeCare cek DM ya
1,@aeslieee @IndiHomeCare @IndiHome Ku barusan bayar lewat shope kak bisa
1,@IndiHomeCare Cek dm min
-1,@IndiHome @IndiHomeCare udah kaya ya? udah gak menerima pembayaran? tadi ke Indomaret Alfamart pakai dana pakai brimo pakai mytelkomsel semua ga bisa buat bayar
1,@IndiHomeCare Oke min dah dari pagi soalnya
1,@IndiHomeCare min cek dm
-1,@IndiHomeCare tolong bntuannya kendala sudah bayar 2 kali saldo terdebet tp tlp indihome dicek ngk masuk juga trus gmana ini fast respon ya
1,@IndiHomeCare ok sudah di dm ya min
-1,Min @IndiHomeCare @IndiHome Saya mau bayar wifi melalui brimo @BANKBRI_ID kenapa tidak bisa ya? Ada trouble kah?
1,@IndiHomeCare udah ku dm kak thank youu
1,@IndiHomeCare @IndiHomeCare bales dm lahhh
1,@IndiHomeCare @mandiricare Bank apa ya maksudnya min? 
1,@IndiHomeCare tolong bales dm ya min 
-1,Indihome kenapa tidak bisa melakukan pembayaran sudah tanggal 20 takut terkena denda :(@IndiHomeCare @mandiricare
1,@IndiHomeCare bales bang
-1,@IndiHomeCare tolong dong ini internat mati hidup. Di aplikasi mau bikin pengaduan malah bolak balik nggak jelas CS-nya. Udah gitu dibales sejam sekali. Ngapain bikin fitur live chat coba. https://t.co/OrbckRbsoF
-1,@IndiHomeCare kenapa tidak bisa melakukan pembayaran sudah tanggal 20 takut terkena denda :(
-1,@IndiHomeCare masalahnya ini saya mau bayar di alihkan ke my bills terus ga nongol menu pembayarannya
1,@IndiHomeCare baca dm min ganteng
1,tolong cek dm dong @IndiHomeCare Terima kasih
-1,@IndiHomeCare sekarang qo ribet yah mau beli add on indiehome
-1,ini Indihome lg eror kahh?? gabisa bayar cuy (m-banking gabisa dana dkk gbisa) mana ini hari terakhir lg @IndiHomeCare @IndiHome
1,Cek dm euy @IndiHomeCare
1,@busanbbunny @IndiHomeCare Kalo masukin nomornya tulisannya sudah dibayarkan ga? Kalo gue tulisannya sudah dibayar gitu tapi saldo gak berkurang
1,@busanbbunny @IndiHomeCare Belumm
1,indihome nih gmn aku mau bayar tapi gabisaa weh make dialihin ke mytelkomsel segala aelahhh @IndiHomeCare
1,@IndiHomeCare baca dm dong admin cakep
-1,@IndiHomeCare malam kak mau bayar tagihan tapi aplikasi indihome sekarang nggak bisa harus lewat my telkomsel di my telkomsel harus pasang indihome karena akun indihome beda dengan nomor telkomsel saya jadi gima bayarnya??
-1,@d_i_m_a_s_a_p @IndiHomeCare @IndiHome Ane jg mau login karena abis bayar mau cek udah verif masuk apa blm pembayarannya drpd bayar bsk kena denda kan
-1,@d_i_m_a_s_a_p @IndiHomeCare @IndiHome Emang kocak bro malah di dm gini : Baik Kak Novryan. Ady infokan untuk login myTelkomsel-nya silakan dengan cara berikut : - Login ke aplikasi myTelkomsel - Masuk ke Beranda - Pilih IndiHome Jelas jelas yg dipermasal
-1,@IndiHomeCare tuh udah aku dm. balas dmku atau putus 
1,@IndiHomeCare tolong cek dm terima kasih
-1,walaupu udah capek banget @IndiHomeCare tolong buka dm dong:)
1,@IndiHomeCare cek dm ya min
-1,@IndiHomeCare aku udh bayar kak di shopee. tapi lama proses nya
-1,@IndiHomeCare apaan ini maksimum 
-1,@IndiHomeCare kak internetnya lemot bangettt
1,@IndiHomeCare cdm dong min
-1,@fairuzichaa @IndiHomeCare @IndiHome Cadasngampar kh kak ? Sama ini aku juga gangguan ya
-1,@IndiHomeCare Mana? Dm gua kaga dibales2 et
-1,@IndiHomeCare Gimana ini min pembayaran gagal terus? By ewallet juga gak bisa. Dm saya di respon dong
1,@cutiejaejam @IndiHomeCare Sentul kh ini?
-1,@IndiHomeCare Berapa jam kira kira nunggu balasanya?
-1,@IndiHomeCare cek dm min jaringan putus nih
1,@IndiHomeCare @IndiHome Baik kak mohon cdm yahh
1,@IndiHomeCare Cek dm bro
1,@IndiHomeCare Oke ditunggu balasan kalian
-1,@IndiHomeCare kapan min proses migrasi nya? Kalau blm migrasi saya bakal terus ngtwit.. dan kaya nya x saya bakal penuh sama komplenan buat indihome proses migrasi saya dari tgl 24 juni sampai dengan 
1,@IndiHomeCare ID pelanggan yg mana ? kok salah mulu
-1,@IndiHomeCare @IndiHome haloo kenapa ya kok saya tidak bisa melakukan pembayarann?
-1,@IndiHomeCare cek dm lah buset dm gua dianggurin lawak.
-1,@IndiHomeCare P INDIHOME INI GMN DAH GUA MAU BAYAR INTERNET GABISA NJIRR HELPP DONG
-1,@IndiHomeCare @IndiHome Udah drtd di dm ngomong mulu interaksi dm dm
-1,@IndiHomeCare yg kalian dm itu siapa sih? kok ga masuk2 di dmku
1,@IndiHomeCare cek DM kak
-1,@IndiHomeCare Cerita dimana bjir dm aja 2 jam kaga dibales-bales https://t.co/wYAMlRWGlV
-1,@IndiHomeCare tetep sama ajaa udah lapora juga dari hari jumat tp blm ada perbaikan giliran bayar tepat waktu perbaikan lama
-1,@IndiHomeCare ga ngaruh apa2 min tolong cari jalan keluar lain lah selain konfigurasi ulang sm refresh aelah seharian wifi nya ga connect
-1,aplikasi lu sampah banget @Telkomsel @IndiHomeCare mau cek FUP indihome jadi gabisa https://t.co/f
-1,Aplikasi my indihome dialihkan ke my telkomsel tp pas login my telkomsel pake email yg daftar buat indigome akun tidak ditemukan wtf @IndiHomeCare @IndiHome
1,@IndiHomeCare cek dm dong min makasi
-1,@IndiHomeCare Min ini kenapa seminggu ini Indihome daerah Pemalang lost sinyal terus padahal juga baru pembayaran
1,@IndiHomeCare halo cek dm ya
1,@IndiHomeCare MANAAAAAA YA ALLAH ALLAHUAKBARRRRR
1,@IndiHomeCare min dm ku mau dibales brp hr lg?
1,@IndiHomeCare cek dm ya min
1,@IndiHomeCare @flubendiamide @kegblgnunfaedh sms anda ganggu saya waktu lagi kontes lord 
-1,@IndiHomeCare Iya ditunggu kelanjutan penangannya ya segera.
1,@IndiHomeCare @IndiHome Baru bisa min. Besok jam 2 siang apakah gini lagi?
1,@IndiHomeCare Cek kembali dm saya
-1,@IndiHomeCare mau bayar tagihan min lewat Telkomsel susah amat 
1,@mvwnlight @IndiHomeCare Maaf Kak Joy. Aplikasi MyTelkomsel saat ini terdiri dari layanan Prabayar/Halo/IndiHome/Orbit dan dialihkan agar akun yang dimiliki menjadi satu sehingga terhubung pada satu ID akun Telkomsel maka dari itu diperlukan adanya verifi
-1,@IndiHomeCare PAOK KAU INI! ROBOT BODOH! BUKAN ITU YANG SAYA TANYA! Saya tanya siapa yang suruh teknisi ke rumah? Saya tidak pernah minta teknisi datang ke rumah! Nanti kalian charge saya saat melakukan pembayaran tagihan internet. Kalian mau rampok?
1,@IndiHomeCare Ok cek terus gitu ya migrasi ke paket yg lebih mahal cepet yak responnya
-1,@IndiHomeCare Dr sabar sampe gedek gua nungguin nya.
-1,@IndiHomeCare Udh sejam nih mana?!
-1,@IndiHomeCare Iya saya tanya siapa yang suruh teknisi ke rumah? Saya tidak pernah minta teknisi datang ke rumah! Nanti kalian charge saya saat melakukan pembayaran tagihan internet. Kalian mau rampok?
-1,@IndiHomeCare cek dm pliss udh 
1,@IndiHomeCare hai kak tolong cdm yaa soalnya bertanya tentang tagihan yg deadlinenya hari ini. makasih
-1,@IndiHomeCare Ini teknisi nya baru saja selesai ngotak ngatik tiang internet di luar. Saya tanya siapa yang suruh teknisi datang ke rumah???
-1,Min tolong cek dm dong internetnya gangguan nih dari tadi @IndiHomeCare
-1,@IndiHomeCare 3 jam yg lalu ngomongnya juga begitu
-1,@IndiHomeCare bales dm lah lama bgt responnya berhari-hari
1,@IndiHomeCare Iya sudah
1,@IndiHomeCare cek dm ya makasih
-1,@IndiHomeCare Kak tadi solusi di DM mau dipandu by vidcall tapi kok sampe sekarang blm ada vidcall masuk yah? Udah aku tunggu 2 jam lebih yaa. Tolong segera ada solusi 
1,@IndiHomeCare Dm aja
1,@IndiHomeCare ditinggal lagiii min
-1,@IndiHomeCare manaaaa min blm dibales2 jg DMnya astagaaaaaa
-1,@IndiHomeCare nda berguna tryata ini call center 
-1,Niat nya netfilx n chill ga ada chill chillnya ini #indihome @IndiHomeCare https://t.co/IujRLOegUc
-1,@IndiHomeCare beberapa hari lalu stb diganti tapi hari ini gagal masuk.STB ada 2 yg diganti kmr 
1,@SenggolOyenDong @IndiHomeCare @IndiHome @SenggolOyenDong Maaf ya Kak. Rekan kami akan lanjut penanganan lagi di DM.. Sehat selalu :) -Rasya
-1,@IndiHomeCare BUSET! TERUS SELAMA ESTIMASI ITU APA KOMPENSASI YANG KALIAN BERIKAN? SAYA BAYAR UNTUK SEBULAN PENUH! ARTINYA BERHAK UNTUK MEMAKAI INTERNET SEBULAN PENUH!
1,@IndiHomeCare Udah lama lupa email sama keterangan pembayarannya.
-1,@IndiHomeCare dr hari jumat saya menunggu saya sdh pinya tiket laporan yg saya butuhkan penindakannya 
-1,@IndiHomeCare @IndiHome @Telkomsel laporan laporan setiap hari laporan 7 hari saya gada koneksi internet parahh mana tagihan ttp jalan
-1,@IndiHomeCare emang belom direspon
1,@IndiHomeCare udah di coba via online semua min.
-1,@IndiHomeCare min internet mati cek dm
-1,Jelek bgt dah indihome w mo bayar wifi gabisa nii!! Kalo mo pindah aplikasi yaa usahain udh stabil lah ini uji coba doang!! Balikin ke apk indihome aja sih Tiap bulan ada aja masalahnya cwapeee @IndiHomeCare
1,@IndiHomeCare Min cek dm min
-1,@IndiHomeCare Min udh 4 hari ini ga ada perubahan soal koneksinya ini masih aja lambat. Ga ada perbaikan
-1,@IndiHomeCare baru mau ngecek lg??
1,@IndiHomeCare Atau bisa di copot router nya aja ya kak?
1,@IndiHomeCare permisi min saya dapat telepon dari +62 
-1,@IndiHomeCare DM nya udh drtd ga ada jg penanganan
-1,@IndiHomeCare @mediokerhandal @jempolkeseleo Sudah dicoba semua metode pembayaran tp tp error semua.
1,@IndiHomeCare halo kak mau renov rumah untuk pemindahan router gimana ya ? Soalnya mau diganti gentengnya
-1,@IndiHomeCare gmna kelanjutannya ini min?? mau 3 malam dah ga ada wifi 
1,@IndiHomeCare tolong bls dm ya min
-1,@IndiHomeCare @jempolkeseleo Saya juga udah update clear chace tapi di halaman metode pembayaran (udah dicoba semua bank &amp; e-wallet) tapi error semua! Kek mana
1,@IndiHomeCare @ehyangyu Cek dm min
1,@IndiHomeCare Oke ditunggu balasan DMnya
-1,@IndiHomeCare Ko ga ada balasannya lagi?
-1,@IndiHomeCare cek dm lah daripagi jaringan rto rto
-1,Indihome tolong ya ini koneksi udah 3 hari gak bisa nyambung janjinya sedang progress ke sentral. Please banget ini mah hari ini pembayaran udah gak kepake 3 hari @IndiHomeCare
1,@friskandhi @IndiHomeCare Kak maaf numpang ngakak tiba2 ada edmin nimbrung
1,@hufflerso @IndiHomeCare Tungguin ya Kak @hufflerso Bentar lagi teman Nesya balas DM Kakak -Nesya
1,@IndiHomeCare Mana min?
1,@Telkomsel @IndiHomeCare Udh tolong cek dm ya.
-1,@IndiHomeCare adminnn tolong proses permintaankuu. apa pada libur inii. maaf bgtt
-1,@IndiHomeCare Harus nunggu berapa lama
-1,@hufflerso @IndiHomeCare @hufflerso Kak maaf ya kalo masih gak bisa membayar tagihan :( Infoin dulu Nomor HP Alamat Instalasi Atas Nama capture keterangan gagal ke DM ya biar dibantu cek dan datanya juga terjaga. Makasih -Sakia
-1,@IndiHomeCare semua metode pembayaran tetap ga ada yg bisa. ini udah tgl 20. trus gmn? kalo lewat tgl 20 di denda. hadeehhh makin gak jelas aja nih
1,@IndiHomeCare Min cek dm ya @IndiHomeCare
1,@wwnokeh @IndiHomeCare Yehh suud megae di jepang duwi o?
1,@IndiHomeCare Cek dm min
1,@IndiHomeCare Saya minta info nomor indihome saya saja deh min @IndiHomeCare
-1,Tlg dibantu ini @IndiHomeCare dr kemarin mau bayar ga bisa jgn sampe diputus nih kalo ga bayar https://t.co/y0NKRUoaU2
-1,@IndiHomeCare ya admin lu muter2 bahasannya
1,@IndiHomeCare Sudah min maksud saya nomor yang saya gunakan biasanya tidak valid saya coba melakukan pembayaran di tokopedia ataupun di shopee tapi tetap tidak berhasil
-1,@Telkomsel @IndiHomeCare Udah berapa jam gada solusi
-1,@IndiHomeCare Klik detail sama aja gk bisa pdhl bayar awal bulan gk pernah telat https://t.co/BJrM
-1,@IndiHomeCare Zhejiang tv min chanel china logo ny warna biru jangn cm nnya doang ya min 
-1,Dibalas sesuai antrian tapi gw gak dibales bales njir @IndiHomeCare . Perlu pindah Biznet aja apa ya
1,Min @IndiHomeCare boleh minta tolong cek DM? Terima kasih
-1,@IndiHomeCare tai cacat bgt gada respon
1,@IndiHomeCare tolong dong cek dm
1,@IndiHomeCare @prajnamu kalo kecepatan 30mbps batas penggunaan wajarnya berapa kak?
1,@IndiHomeCare Udah clear cache udah update terbaru makin gak jelas https://t.co/T7c45YsbTC
-1,@IndiHomeCare Orang normal mana yang gak ngecek dulu kabel di modem? Mikir lah
-1,@IndiHomeCare antrian terus bos dari pagi
1,@IndiHomeCare min cek dm
-1,@IndiHomeCare Mana dah sejam lebih belom ada respon apa2 di dm
-1,@IndiHomeCare @haeJarcvh Jaringannya connerct tapi gak bisa dipalai inter et
1,@IndiHomeCare cek dm min
1,@IndiHomeCare cepet lanjut baca dm min @IndiHomeCare
-1,@IndiHomeCare sudah dicoba tetep g bsa ka segera bntu kk udh di dm
-1,min @IndiHomeCare apakah kalau mau berhenti berlangganan sudah lewat setahun ttp dikenakan denda?
-1,@IndiHomeCare sudah dibayar mohon tindaklanjut permohonan pelepasan indihome saya. terimakasih.
1,@IndiHomeCare Cek dm min
-1,@IndiHomeCare Iya berenti Jaringan kalian udah galayak pakai!
-1,@IndiHomeCare Tolong kepekaan cek dm nya min. Inet lemot
-1,@IndiHomeCare @haeJarcvh Min tanda los merah di modem indihomenya nyala min?sekarang internetnya gak bisa dipakai
-1,@IndiHomeCare Ya pokok mau login dan cek pemakaian internet di aplikasi indihome gbisa disuruh login ke my telkomsel padahal nomernya yg kedaftar udah mati kak
-1,@IndiHomeCare tlg bales min ... ga efektif kl cm suruh restart2 doang
-1,@IndiHomeCare Cek dm. Also pecat org yg bikin aplikasi my Telkomsel. Amburadul
-1,@IndiHomeCare percuma gak ada solusi nya cuma di suruh nunggu terus
1,@IndiHomeCare cek dm min
-1,@IndiHomeCare masih belum bisa bayar juga nih saya udah coba bayar di minimarket seeprti Alfamart dan Indomaret tapi notifikasinya malah sudah terbayar padahal saya belum bayar gimana ya?! Jatuh tempo saya hari ini tapi mau bayar malah gak bisa. https://t
-1,@busanbbunny @IndiHomeCare Belum bisa juga tapi coba di alfamart notofikasinya malah sudah terbayar
-1,@IndiHomeCare Cuma punya bni dan shopeepay dua2nya tidak bisa
-1,@dandelion_ivy @IndiHomeCare artinya gausah bayar kalo dipersulit gini wkwk
1,@IndiHomeCare sdh min cdm ya
1,@onyourh_ydr @IndiHomeCare Wkwk sama saya jg begini 
-1,@IndiHomeCare Udh coba pakai bni va dan shopeepay (krn adanya hanya itu) tetap gabisa gimana ya? Sedangkan hari ini jatuh temponya https://t.co/Vktgl9nXaW
-1,@IndiHomeCare min cek dm ini mau pembayaran Indihome susah banget
-1,@IndiHomeCare kenapa tiap hari gangguan terus hah bayar ga boleh telat tapi gangguan terus bisa 3 4 kali sehari https://t.co/UqmVYPj3ak
-1,@IndiHomeCare aman semua itu. bisa dipanggilin teknisi aja ke rumah ga? kalo begini terus saya mau putus 
-1,@IndiHomeCare Mana ya..sampai sekarang belum dibalas
-1,@IndiHomeCare udah aku dm drtd tolong dibalas
1,@IndiHomeCare kak saya mau langganan yg paket Jitu 340rb. itu berarti tagihannya tiapbulan flat Rp.340rb kan kak? kalo prorata itu sperti apa kak contohnya?
-1,eh gimana nih udah hampir seminggu wifinya suka mati mati. kadang suka kelip merah juga @IndiHomeCare
-1,@IndiHomeCare masih belum ada minn:( aku mau belajar 
-1,@IndiHomeCare emailnya belum masuk 
1,cek dm a @IndiHomeCare
-1,@valaphrodite @IndiHomeCare Manusia manusia kuat tahun 2024 masih pake indigo
1,@IndiHomeCare @IndiHome Masihhhh
-1,@IndiHomeCare klok eror mna bisa ak nge dm km mint
-1,@IndiHomeCare udah mint tapi capek nungguin 6 jam daritadi skrg baru bisa klo boleh tau biasanya kek gini nih knp ya mint? 
1,@IndiHomeCare dpt potongan ga?
-1,kenapa packetloss terus ya:( @IndiHomeCare
-1,@IndiHomeCare gini amat pake indihome sudah dm pun masih ga ada respon
1,@IndiHomeCare Sudah saya dm min tlg di cek DM ya. Thanks min. ASAP
1,@IndiHomeCare mau nya di tokped kak ada promo nya lumayan 
1,@IndiHomeCare cek dmku ya kaka
-1,@IndiHomeCare baca DM min dari kemarin ini mati nyala terus wifi. Giliran telat bayar lu denda sampe putus tuh internet!
1,@IndiHomeCare @Ranran2
-1,@IndiHomeCare Kayak biasa aja sih kak akhirÜ? ini juga sering gitu
-1,indihome kok lemot ya dari kemarin:( punya ku cuma 
-1,@IndiHomeCare gangguan malah
1,@IndiHomeCare cek dm ya min makasih
-1,@IndiHomeCare min tolong read dm saya wifi saya tidak ada akses internet tolong dilanjuti
-1,@IndiHomeCare Masih trouble nih min bisa kirim teknisi ga ?
-1,@IndiHomeCare WOY WIFI GUE LOS UDAH BER JAM JAM PENGADUAN SANA SINI KAGA ADA BALASAN TUH GIMANA WOYYY PLEASE LAH KERJAAN GUE PENDING KALO GINI MULU KOCAK
-1,@IndiHomeCare kak ini ada gangguan apalagi sih? ??ç??ç??ç
-1,@IndiHomeCare Oi indihome care aplikasi benerin lah minimal mau laporan aja susah banget lewat dm ga di bales apalagi dibaca udah 2 hari nih gangguan gila
-1,@IndiHomeCare Minimal respon pengaduan gangguan lah
-1,@IndiHome @IndiHomeCare lyuar biasa kinerjanya. HANYA untuk satu proses migrasi paket lewat 60 hari tidak ada hasil sama skali. STATUS hanya selalu dalam proses. Padahal di janjikan 3x24 jam aja proses akan selesai. LYUAR BIASAAAAA.
1,@IndiHomeCare Cdm ya kak
1,@Adenorman029 @IndiHomeCare @TelkomIndonesia @Adenorman029 Oke siap Kak :) -Rasya
-1,@IndiHomeCare udh lapor tiap hari ke 
-1,@IndiHomeCare Mana ka dari siang ga ada respon
-1,@IndiHomeCare @IndiHome cek dm please wifi gue los berjam jam
1,@IndiHomeCare Hallo admin. Mau cek Paket Indihome utk akun ini apa ya? 
-1,@IndiHomeCare min cara cek list yg include di pembayaran wifi bulanan gimana ya?
-1,@IndiHomeCare lyuar biaya kinerja indihome permintaan migrasi system sampe 60 hari belum ada hasil sama skali. Statuss selalu sama dalam proses .
-1,Lambat bgt gilakkk gua bayar ya @IndiHomeCare
1,cek dm min @IndiHomeCare
1,@IndiHomeCare cek dm min
-1,@IndiHomeCare Menunggu terus min. Udah 3 hari los. Masa ga ada bentuk tanggung jawabnya ke customer.
-1,@IndiHomeCare terlalu mahal min yg 30mbps 34
1,@IndiHomeCare Min kalo registrasi ok untuk pemasangan baru indihome estimasi pemasangan perangkat indihomenya berapa hari ?
1,mahal amet biaya adminnya @Telkomsel @IndiHomeCare https://t.co/DaSz3htPtF
-1,Plis bgt mau pake @IndiHomeCare lagi tapi gagal mulu di alamt baru gw 
-1,@IndiHomeCare ini napa dah gangguan aaarght
1,@IndiHomeCare Oke ditunggu ya min
1,@IndiHomeCare sudah ya kak
-1,@IndiHomeCare min cek dm dong lampu indikator LOS nyala nih 
1,@IndiHomeCare @IndiHome Bls dm
-1,@IndiHomeCare Bisanya cuma pagi siang eror lagi udah semingguan seperti itu iya boleh
-1,@IndiHomeCare remote saya rusak padahal masih baru. Bisa tolong diganti?
-1,@IndiHomeCare @IndiHome EH ANJING DARI KEMAREN DM MULU TAPI TEKNISI TIDAK ADA DIKIRIM ANJING . GANGGUAN SUDAH SANGAT SERING DAN LAMA NIH ANJING
-1,tolong dong @IndiHomeCare sya mau ngajuin pemutusan langganan indihome ribet gini deh. katanya bisa ngajuin lewat grapari jakarta pas nyampe disini suruh ke makassae gimana caranya orang tinggal nya skrng di jkt
-1,@IndiHome @IndiHomeCare WIFI GANGGUAN ANJEEENNNGGGG. MANA KATANYA MAU KIRIM TEKSINI DASAR INDIHOM KIMAK
-1,@IndiHomeCare min kalau saya pasang indihome 
-1,@IndiHomeCare dah 3 hari los mulu ni
1,@IndiHomeCare Hai admin tolong cek DM segera ya. Terimakasih
1,@IndiHomeCare syudahh min
-1,pea emang indihome @IndiHomeCare laporan udah 
-1,@IndiHome @IndiHomeCare @indihomers U guys are the most STUPIDEST wifi provider ever! Aku pindah rumah udah lapor mau pindah alamat.. Udah lebih 9hari gak ada tindakan apaÜ?! Disuruh bayar langganan udah aku bayar.. Tp masih aja gak ada pemasangan di alam
1,@IndiHomeCare halo saya mau bayar tagihan wifi tapi kenapa kayak gini terus ya? Padahal biasanya pakai app indihome lamgsung bisa https://t.co/qImB29mLAq
1,@IndiHomeCare kak cek dm ya thanks
1,@IndiHomeCare kalau mau migrasi paket instant indihome ke internet only gimana caranya?
1,@IndiHomeCare Ini gmn masa uda 3hr blm konek jg mending ada disc tagihan
-1,@IndiHomeCare Gimana ini min moso 3hr gangguan trs mending ada disc tagihan
1,@IndiHomeCare Masih harus nunggu berapa lama yaa kak?
1,@IndiHomeCare lama jg ya
1,@IndiHomeCare Oke kak mohon responnya kembali yaaa. Terimakasih
1,@IndiHomeCare Halo @IndiHomeCare tolong baca dm aku ya terimakasih
1,@IndiHomeCare min kalo masalah tagihan telfon rumah hubungi kemana ya?
-1,@yess_sirrrrrr @IndiHomeCare @yess_sirrrrrr Waduh maaf kalo kendala pembayaran tagihannya :( Keterangan gimana Kak? Buat pengecekan boleh kirim nomor internet dan atas nama ke DM. -Joan
-1,@IndiHomeCare Hanya kecewa aja karena pelanggan yg loyal malah paketnya lebih mahal dibandingkan pelanggan baru paling tidak ada benefitlah buat pelanggan yg lama biar tidak berpindah ke ISP lain.
-1,@IndiHomeCare lama penangan nyaa udh komplen tp jawabanya sama aja
1,mau bayar ae susah bener @IndiHomeCare @Telkomsel
1,@Telkomsel @IndiHomeCare Udah dari awal bulan di info nomor internet sampai Poto KTP dan Selfi tanya aja ke @IndiHomeCare
-1,@wbudi75 @IndiHomeCare @wbudi75 Kendala upgrade paketnya ya Kak Budi. Maaf Kak. Infoin Nomor Internet Alamat Instalasi dan Atas Nama ke DM atau cukup konfirmasi kami lagi di DM IndiHome biar dibantu lebih lanjut. Thanks -Sakia
1,@IndiHomeCare Makasih ka Sakia. Tp kesehatan teman saya @synazyr tergantung kelancaran koneksi ... 
-1,Parah juga pelayanan @IndiHomeCare sejak di berikan ke @Telkomsel upgrade paket indi dari awal bulan okt 2024 sampai skrg belum selesai.
-1,@IndiHomeCare Udah dapet tapi sampe hari ini gak dateng-dateng. Wifinya udah eror dari hari rabu. Males bayar lah ngga diurusin
-1,@IndiHomeCare customer care yg cepat tanggap bisa dihubungi via apa ya? Udah 2 hari ini tidak ada koneksi.
1,Udah log in tp suruh buka my telkomsel trs buka my telkomsel aku cek pake hp dan web pun tdk ada kuota yg udh digunakan gmn caranya log in di my indihome @IndiHomeCare https://t.co/Gk04fjfDIv
-1,@IndiHomeCare malas paling jawabanya surih hidupin ulang router. sama aja bohong. hidupin router 
-1,@IndiHomeCare LO ORANG LAIN JUGA ADA KERJAAN DOANG KAGA NGURUSIN INTERMET SAMPAH DOANG GUE CUMA MAU MASUKIN WIFI GUE KE TV BARU TAPI GABISA TERUS KARNA MAU LOGIN AKUN VIDIO ASTAGAA
-1,@IndiHomeCare KAAA INI UDH 20 MENIT ASTAGA AKU DITUNGGU TUKANG INI CUMA MAU MASUKIN WIFI KE TV LOH INDIHOMENYA GABISA TERUS ASTAGA HARUS NUNGGU BRPA LAMA SIH????
1,@IndiHomeCare Belum ada balasaannnn
-1,@IndiHomeCare ga fast respon dah ah jwbnnya jg ga helpful pdhl udh dijelasin bgini bgtu nya tp ttp ga sesuai
-1,@IndiHomeCare Permisi kak Ini saya mau login IndiHome malah di alihkan ke Telkomsel. Namun saat ingin login akunnya tidak terdaftar (?) Mohon bantuannya kak https://t.co/ZvFWXJ77nx
-1,@IndiHomeCare Astagaaaa udh 
-1,@IndiHomeCare kocak lu
-1,@IndiHomeCare Yaudah dipercepat dong saya ditungguin ini
-1,@IndiHomeCare Cek DM min sebelumnya aaya bayar aman aja
1,@IndiHomeCare Iya buruan ini lagi butuh bgt
-1,@IndiHomeCare Lama banget admin
1,@IndiHomeCare cek lg kak
1,@lukidos_conan @IndiHomeCare @lukidos_conan Huhu maafin ya Kak Conan boleh coba metode pembayaran lainnya yg tersedia ya :( -Nesya
-1,@IndiHomeCare oke ditunggu gercepnya min
-1,@IndiHomeCare @Telkomsel Semnejak migrasi ke telkomsel pembayaran indihome ini banyam banget ya admin nya ampe 4 ribu bayar nya dengan vitual accoun e wallet dan bank. Ckckckc
-1,@IndiHomeCare makin gajelas habis ke Grapari @Telkomsel @IndiHomeCare @IndiHome jawaban CS muter muter bingung katanya kemungkinan bisa terpasang bisa tidak hahaha kocakkkkk
1,@IndiHomeCare Tolong cek dm min
1,@IndiHomeCare admin yang baik hati tolong cek dm saya dong. Thanks
1,@IndiHomeCare cek dm min
-1,@IndiHomeCare @oktrgnxx Ga merubah data tp gue login pake email myindihome ga bisa ??? :)) login pake nomer indihome harus validasi koneksi ke wifi tp wifi gue kuotanya abis gimana bisa konek tolong logika wahai @IndiHomeCare ?Åè?Åè
-1,@IndiHomeCare Kenapa tidak bisa akses my indihome padahal sangat bagus interface di my indhome
1,@IndiHomeCare Tolong cek dm saya min
-1,@oktrgnxx @IndiHomeCare Punyaku udh mau clear ini masalah skrg mau login mytelkomsel ribet setengah mati katanya migrasi dr myindihome tp gue login pake email akun myindihome ga bs ?Åè
1,@IndiHomeCare tolong cek dm woy
-1,@IndiHomeCare kak masih belum bisa udah aku lakuin instruksinya tapi masih belum bisa
1,@IndiHomeCare yang aku bilang data nya kak. bukan fiturnya ada atau engga :)
-1,@IndiHomeCare Justru itu min.. ga ada yg tau.. katanya baru pasang.. tagihan pertama.. kalo minta tolong dari mac address modem bisa ga min? Kalo bisa ntar saya fotoin via dm
-1,@cielobyantara @backburneo @IndiHomeCare Bunga cirit
-1,@IndiHomeCare Tungguin berapa lama lagi??? Dikira waktu gue buat nungguin lo pada respond apa gimana?
1,@IndiHomeCare min.. kalo pengen tau no idpelanggan bisa tanya kesini ga? Mau bayar tagihan tp ga ada yg tau id pelanggannya
-1,ni gue udh nunggu sejam ye dari gue waiting page ! Udh 
-1,@IndiHomeCare kalian migrasi dari website ke aplikasi tapi data sisa kuota pengguna gak di ikutin juga kah?:)
1,@IndiHomeCare belum kak :) aku udah buat pengaduan dari kemarin juga gak ada kelanjutan. tanggal 
-1,@IndiHomeCare tolong dong ini udh 3 jam wifi ga jalan2 kenapa ya? udah saya dm dr tadi blm dibales
1,@IndiHomeCare sudah
1,@masintooo @IndiHomeCare SABAR HEHH
-1,pagi pagi koneksi @IndiHomeCare udah eror aja bikin kesel
1,@lililibruh @IndiHomeCare @IndiHome Maafin ya Kak @lililibruh atas kendala MyTelkomsel nya. Silakan coba restart handphone clear cache dan clear data kemudian coba lagi. Kalau masih gak bisa silakan infokan nomor HP/ No internet atas nama dan alamat insta
1,min cara biar bisa nurunin mbps gimana yaa? @IndiHomeCare
-1,@IndiHomeCare @IndiHome Lu liat itu kabel kepasang apa kagak. Dari kemadin ya gue sabar. Mending ganti provider aja dah kebanyakan error pake wifi mahal tapi jaringan gak sesuai. https://t.co/36f7QQRbF7
-1,@IndiHomeCare Ini aplikasi indihome mksdnya gimana ya? Masak gak bisa akses dihalangan tulisan segede itu gak bisa diclose pula tulisannya? https://t.co/TBtIJup62J
-1,ga jelas aplikasi lu dari semalem ya. gamau dibayar kah??? @Telkomsel @IndiHomeCare @IndiHome https://t.co/LjxODQJJqX
-1,@IndiHomeCare @IndiHome percuma bayar-bayar tapi begini kuota juga gak bisa kepake pengennya orang-orang hidup dijaman batu? Gak usah jual wifi aja. https://t.co/57eiiROFNS
-1,@IndiHomeCare haduh plis deh telp 
-1,Makin hari makin lemot aja ni indihome naik speed bknnya tambah cepet malah tambah ilang ilangan sinyalnya hadeuh!! @IndiHomeCare @TelkomJabar
1,@IndiHomeCare min bisa tolong cek tagihan ga ? Buka mytelkomsel login pake email gini mulu https://t.co/amzlgHYJgQ
-1,Indihome knpa dah??? Lu gangguan mulu perasaan @IndiHomeCare @IndiHome
-1,lemot umak euy @IndiHomeCare
-1,udah jam segini masih belom bisa inii @IndiHomeCare dipercepat yukkk lagi dibutuhin bgt nih malah gangguan https://t.co/vlFw6M2WDj
-1,@eskikoenaktau__ @IndiHomeCare guakan ga komplen ya coki
-1,@IndiHomeCare Bales lagi dong min sumpah dah seharian wifi gangguan
-1,@s_casthe @IndiHomeCare @IndiHome up samaa ini kenapa ya waktu mau bayar juga nomor saya ga ke detect ini gimana yaa @IndiHomeCare @IndiHome
-1,@IndiHomeCare Biasanya kalo di DM gak pernah direspon
1,@IndiHomeCare Di jember kak 
-1,@IndiHomeCare tolong cek DM ya thanks
1,@IndiHomeCare mohon cek dm. thx
1,@IndiHomeCare min mau nanya dong di dm ya
1,@yogyanugrahjati @IndiHomeCare Sama kak
-1,@IndiHomeCare ini jaringan kenapa dahh ajg
1,@IndiHomeCare Gk usah byk cakap diminta tagihan rinci aja gk dikirim2. Apalagi disuruh jlasin soal prorata. Cek brapa x dan brp bln laporan ku soal tagihan tp gk slesai jg. Bukan malah sesuai malah nambah.
-1,@semula_ @udawh @dumbledeep @eskikoenaktau__ @pertahun @picterole @ayacheestar @IndiHomeCare INDIHOME NYAA AJA YG DI TAG LUNGOOOOO
-1,@IndiHomeCare min emangnya kalo tiba2 internet mati padahal belum waktunya bayar itu bisa tiba2 ditelpon pihak indihome? Tadi saya tbtb ditelpon terus orangnya maksa ke rumah habis ditolak internetnya nyala lagi
-1,@yourcutiecels @IndiHomeCare Sama aku jg mo bayar pdhl no eror diapk mana pun
1,@IndiHomeCare tolong cek dm ya min
-1,@Telkomsel @IndiHomeCare Fyi DM dr indihome katanya mau kirin link vcall dgn virtual assistant. Tapi dari siang sampai skrg gak ada respon lanjutan. Skrg saya diminta DM apa lagi? DM ke siapa? Mending kalian outbond call aja ke saya. 
1,@IndiHomeCare min tolong balas dm ya
1,@Telkomsel @IndiHomeCare Saya tunggu DM nya
1,@IndiHomeCare udah di dm daritadi cek dongg ktnya minta ceritain detail
1,@IndiHomeCare Cek dm min
-1,@IndiHomeCare engga bisa pake m banking juga pas masukin nomer layanan tulisannya user tidak ditemukan
-1,@IndiHomeCare Klo gangguan seharusnya begini
-1,@IndiHomeCare min mau login di myindihome gak bisa. Dialihin ke mytelkomsel. Udah login via mytelkomsel dgn No. Indihome tapi harus masukin nomer otp via sms yang mana udah mati No. Telpnya. Solusi?
-1,kurangajar deh LOOOOO tolong urusin deh adminnya yg bener kalau ngetik ke pelanggan. terimakasih @IndiHomeCare
1,@IndiHomeCare Dm saya tolong direspon min
1,@IndiHomeCare Udah aman min.
-1,indihome kek kintil seharian koneksi LOS ngga ada tindakan @IndiHomeCare
-1,@IndiHomeCare cara berhenti langganan gimana ya?
-1,Udah DM dari 22 jam yang lalu cek deh @IndiHomeCare
-1,@IndiHomeCare kalau ga mention emang ga akan dibaca ya DM nya?
1,@pidelowen @IndiHomeCare Gabut aku
-1,@nugrahahahaa @IndiHomeCare @nugrahahahaa Kak Rangga maaf ya Interaksi dan progres laporan lanjut di DM ya Kak makasih -Nabil
1,@meylolio @IndiHomeCare WKWKWKWKW RANDOM BGT
-1,@IndiHomeCare ini kenapa useetv kok ga bisa min https://t.co/WjmJ5MgSJt
-1,min ini saya engga bisa bayar tagihan wifinya kenapa ya @IndiHomeCare
-1,@a9ul @IndiHomeCare gangguan masala kak udah bisa blom ya? punyaku juga gitu soalny
-1,@IndiHomeCare @IndiHomeCare sudah ku dm yah kakk kutunggu balasannyaa
-1,@IndiHomeCare Tutorial cara berhenti berlangganan Indihome
-1,@IndiHomeCare Jaringanmu jelek banget
1,@IndiHomeCare cek dm ya kakak admin
-1,@IndiHomeCare cek dm min dari kemaren LOS merah
1,@IndiHomeCare Sudah saya infoin min
1,@IndiHomeCare Kak blm ada balasan nih di DM saya
-1,@IndiHomeCare internet di rumahku mati
-1,@IndiHomeCare aplikasi pengaduan dipindah ke mytelkomsel payah banget. Pake AI veronika yang ngga seberapa itu.
1,@IndiHomeCare cek dm ya min
1,@IndiHomeCare Okai min mohon di cek dmnya. Tengkyuuuu
-1,@IndiHomeCare min caranya login ke my telkomsel gmn no saya dh gak aktif emailny juga lupa pakai yg mana ini bisa ganti nomer aja ga min? Soalny mau bayar wifi
-1,@IndiHomeCare kirim teknisi langsung aja kak saya udah lelah bgt dr pagi disuruh ini itu gak bener juga 
-1,@IndiHomeCare iya itu belum termasuk nunggu gonta ganti cs ya??? 
-1,@Kelvin
1,@IndiHomeCare @Irdint Udah min belum dijawab
1,@IndiHomeCare sama aja kyk ig lamanya bales dm twt min ah gacor kudu nunggu 
1,@IndiHomeCare oke ditunggu
1,@IndiHomeCare admin maaf bisa minta tolong nomor indihome untuk telp 02467225
